{"cameraMode":{"drawMode":0,"name":"Shaded","section":"Shading Mode"},"sceneLighting":false,"audioPlay":false,"sceneViewState":{"m_AlwaysRefresh":false,"showFog":true,"showSkybox":false,"showFlares":true,"showImageEffects":true,"showParticleSystems":true,"showVisualEffectGraphs":true,"m_FxEnabled":true},"in2DMode":false,"pivot":{"x":0.001405477523803711,"y":0.9242171049118042,"z":-0.02254277467727661},"rotation":{"x":-0.07151203602552414,"y":0.24344207346439362,"z":-0.01800156757235527,"w":-0.967113733291626},"size":1.324730396270752,"orthographic":false}