{"cameraMode":{"drawMode":0,"name":"Shaded","section":"Shading Mode"},"sceneLighting":false,"audioPlay":false,"sceneViewState":{"m_AlwaysRefresh":false,"showFog":true,"showSkybox":false,"showFlares":true,"showImageEffects":true,"showParticleSystems":true,"showVisualEffectGraphs":true,"m_FxEnabled":true},"in2DMode":false,"pivot":{"x":27.940834045410158,"y":0.5499992966651917,"z":11.255815505981446},"rotation":{"x":0.39290350675582888,"y":-0.18530164659023286,"z":0.08113443106412888,"w":0.8970760107040405},"size":7.071067810058594,"orthographic":false}