{"cameraMode":{"drawMode":0,"name":"Shaded","section":"Shading Mode"},"sceneLighting":false,"audioPlay":false,"sceneViewState":{"m_AlwaysRefresh":false,"showFog":true,"showSkybox":false,"showFlares":true,"showImageEffects":true,"showParticleSystems":true,"showVisualEffectGraphs":true,"m_FxEnabled":true},"in2DMode":false,"pivot":{"x":-0.9999996423721314,"y":0.14999942481517793,"z":0.000003337860107421875},"rotation":{"x":0.6183661818504334,"y":-0.19909845292568208,"z":0.16596508026123048,"w":0.7419390082359314},"size":2.2366280555725099,"orthographic":false}