{"cameraMode":{"drawMode":0,"name":"Shaded","section":"Shading Mode"},"sceneLighting":false,"audioPlay":false,"sceneViewState":{"m_AlwaysRefresh":false,"showFog":true,"showSkybox":false,"showFlares":true,"showImageEffects":true,"showParticleSystems":true,"showVisualEffectGraphs":true,"m_FxEnabled":true},"in2DMode":false,"pivot":{"x":-1.8804168701171876,"y":-19.730789184570314,"z":84.79631805419922},"rotation":{"x":-0.18935856223106385,"y":0.055050719529390338,"z":-0.010632912628352642,"w":-0.9803151488304138},"size":61.85358428955078,"orthographic":false}