{"cameraMode":{"drawMode":0,"name":"Shaded","section":"Shading Mode"},"sceneLighting":false,"audioPlay":false,"sceneViewState":{"m_AlwaysRefresh":false,"showFog":true,"showSkybox":false,"showFlares":true,"showImageEffects":true,"showParticleSystems":true,"showVisualEffectGraphs":true,"m_FxEnabled":true},"in2DMode":false,"pivot":{"x":58.485591888427737,"y":-35.91351318359375,"z":23.341259002685548},"rotation":{"x":0.7323592901229858,"y":0.021650556474924089,"z":-0.023301776498556138,"w":0.6801950335502625},"size":42.48918533325195,"orthographic":false}