{"cameraMode":{"drawMode":0,"name":"Shaded","section":"Shading Mode"},"sceneLighting":false,"audioPlay":false,"sceneViewState":{"m_AlwaysRefresh":false,"showFog":true,"showSkybox":false,"showFlares":true,"showImageEffects":true,"showParticleSystems":true,"showVisualEffectGraphs":true,"m_FxEnabled":true},"in2DMode":false,"pivot":{"x":29.830059051513673,"y":-2.2566890716552736,"z":4.905666351318359},"rotation":{"x":0.6895161271095276,"y":-0.000865334237460047,"z":0.0008143472368828952,"w":0.724285900592804},"size":12.82805347442627,"orthographic":false}