{"cameraMode":{"drawMode":0,"name":"Shaded","section":"Shading Mode"},"sceneLighting":false,"audioPlay":false,"sceneViewState":{"m_AlwaysRefresh":false,"showFog":true,"showSkybox":false,"showFlares":true,"showImageEffects":true,"showParticleSystems":true,"showVisualEffectGraphs":true,"m_FxEnabled":true},"in2DMode":false,"pivot":{"x":-1.3072547912597657,"y":-10.391815185546875,"z":17.899051666259767},"rotation":{"x":-0.26544857025146487,"y":0.24173851311206819,"z":-0.06893907487392426,"w":-0.9307937026023865},"size":17.016563415527345,"orthographic":false}